threshold,precision,recall,f1
0.3,0.5143297776635394,0.8328824141519251,0.6359447004608295
0.35,0.5548473169285503,0.7789802289281998,0.648082417106744
0.39999999999999997,0.5969405293915435,0.7227887617065557,0.6538642568012802
0.44999999999999996,0.6314646664034741,0.6657648283038502,0.6481612805186912
0.49999999999999994,0.6719404374127501,0.6010405827263268,0.634516093595518
0.5499999999999999,0.7073102678571429,0.5275754422476587,0.604362856121111
0.5999999999999999,0.7426104284290933,0.46534859521331945,0.5721596724667349
0.6499999999999999,0.7788187372708758,0.3979188345473465,0.5267217630853994
0.7,0.8112617309697602,0.3238293444328824,0.46288859140264765
