mean_fit_time,std_fit_time,mean_score_time,std_score_time,param_model__class_weight,param_model__max_depth,param_model__max_features,param_model__min_samples_leaf,param_model__n_estimators,params,split0_test_score,split1_test_score,split2_test_score,split3_test_score,split4_test_score,mean_test_score,std_test_score,rank_test_score,split0_train_score,split1_train_score,split2_train_score,split3_train_score,split4_train_score,mean_train_score,std_train_score
32.11832404136658,0.5904016819009417,1.0638443946838378,0.0506967717233899,,,sqrt,1,200,"{'model__class_weight': None, 'model__max_depth': None, 'model__max_features': 'sqrt', 'model__min_samples_leaf': 1, 'model__n_estimators': 200}",0.6871591472483887,0.6810974075006292,0.684091480271425,0.7152675503190967,0.6928267933016746,0.6920884757282428,0.012221852626425599,47,0.9979529170931423,0.9976666097547094,0.9969846959094271,0.9972113140970918,0.9972125831958587,0.9974056240100457,0.00035209227251604275
68.92624549865722,3.213208852187938,2.3670500755310058,0.4303644045318965,,,sqrt,1,400,"{'model__class_weight': None, 'model__max_depth': None, 'model__max_features': 'sqrt', 'model__min_samples_leaf': 1, 'model__n_estimators': 400}",0.6848364717542121,0.6792738275340393,0.6820577164366374,0.7152743450321305,0.6952191235059761,0.6913322968525991,0.013129732368727304,50,0.9979522184300341,0.9976671408250356,0.9969833228982867,0.9972113140970918,0.9972122660294703,0.9974052524559838,0.00035231738365854715
31.18804340362549,1.680473743052425,0.9792397975921631,0.1256496375562973,,,sqrt,5,200,"{'model__class_weight': None, 'model__max_depth': None, 'model__max_features': 'sqrt', 'model__min_samples_leaf': 5, 'model__n_estimators': 200}",0.6661538461538462,0.6609059963341188,0.6590732591250323,0.6910673150755055,0.6792063901056429,0.6712813613588292,0.012143042591051293,74,0.7826847398338435,0.7785615316790527,0.7821788373693761,0.7810910917195053,0.781687049231734,0.7812406499667024,0.0014397851172490601
63.9384584903717,6.525083311748216,2.006805896759033,0.6299591376536887,,,sqrt,5,400,"{'model__class_weight': None, 'model__max_depth': None, 'model__max_features': 'sqrt', 'model__min_samples_leaf': 5, 'model__n_estimators': 400}",0.6675211484234812,0.6617992177314211,0.6576763485477178,0.6945649400357234,0.6778264228689158,0.671877615521452,0.013208572169028529,72,0.7834948421381682,0.7799271448310514,0.783543828935851,0.7812225429898331,0.7846895946877154,0.7825755907165238,0.0017376147429596376
33.8205548286438,6.7294764145844095,0.9400325775146484,0.20288694680725702,,,sqrt,10,200,"{'model__class_weight': None, 'model__max_depth': None, 'model__max_features': 'sqrt', 'model__min_samples_leaf': 10, 'model__n_estimators': 200}",0.6465018411362441,0.648605577689243,0.6515311510031679,0.6713725490196079,0.6682427107959023,0.657250765928833,0.010423437709471413,83,0.7171521035598706,0.716324941603945,0.720056606200952,0.7139322916666667,0.716804979253112,0.7168541844569093,0.0019577659434055427
63.207637548446655,5.023830137229801,1.5796405792236328,0.14878142015130072,,,sqrt,10,400,"{'model__class_weight': None, 'model__max_depth': None, 'model__max_features': 'sqrt', 'model__min_samples_leaf': 10, 'model__n_estimators': 400}",0.6484066368185409,0.6455561468866419,0.6519220642443391,0.6703296703296703,0.666491181889971,0.6565411400338327,0.009972993320068384,84,0.7185620999547424,0.7160445826853292,0.7206185567010309,0.7142671517671517,0.7149902660609994,0.7168965314338507,0.0023622401385465785
35.79166307449341,3.952856223056451,1.3345770359039306,0.1595972571349152,,,log2,1,200,"{'model__class_weight': None, 'model__max_depth': None, 'model__max_features': 'log2', 'model__min_samples_leaf': 1, 'model__n_estimators': 200}",0.6654876200101061,0.6704633704374838,0.6699004340056165,0.7016129032258065,0.6760275721215215,0.676698379960107,0.012899240321176352,58,0.9979522184300341,0.9976663441288633,0.9969829794501053,0.9972109966418122,0.9972135342621552,0.997405214582594,0.00035217788400804836
58.907537317276,5.384790687995933,2.50345516204834,0.16145603749058182,,,log2,1,400,"{'model__class_weight': None, 'model__max_depth': None, 'model__max_features': 'log2', 'model__min_samples_leaf': 1, 'model__n_estimators': 400}",0.6639573279146558,0.6694322011926368,0.6656426011264721,0.705912076806468,0.680742813533452,0.677137404114737,0.015531875753060335,57,0.9979526842584168,0.9976676716536776,0.9969829794501053,0.9972122660294703,0.9972125831958587,0.9974056369175057,0.0003524838636559844
24.05215196609497,2.4081496438697467,1.0360636711120605,0.16560828385022885,,,log2,5,200,"{'model__class_weight': None, 'model__max_depth': None, 'model__max_features': 'log2', 'model__min_samples_leaf': 5, 'model__n_estimators': 200}",0.6269711799891245,0.6155129274395329,0.6283356258596974,0.6420361247947455,0.6384847653033214,0.6302681246772843,0.009362897536806825,90,0.7260634795206111,0.7151991474623685,0.7232408817104653,0.710510470328494,0.711644978311645,0.7173317914667168,0.006238239497807541
46.13008508682251,3.0194400915017017,1.7801242351531983,0.2779060344605186,,,log2,5,400,"{'model__class_weight': None, 'model__max_depth': None, 'model__max_features': 'log2', 'model__min_samples_leaf': 5, 'model__n_estimators': 400}",0.6289752650176679,0.6197887715397443,0.6261348005502063,0.639627295149356,0.6412087912087913,0.6311469846931531,0.00814865606172807,89,0.7231765327695561,0.7179725954503127,0.7202649006622517,0.7085009385894342,0.7120069412000267,0.7163843817343162,0.005385625814946347
22.68452739715576,2.1963885970678545,0.8993435382843018,0.12170346071722608,,,log2,10,200,"{'model__class_weight': None, 'model__max_depth': None, 'model__max_features': 'log2', 'model__min_samples_leaf': 10, 'model__n_estimators': 200}",0.5920496193966732,0.5768115942028985,0.601410437235543,0.6160313901345291,0.6122102882984737,0.5997026658536235,0.0142024971068367,94,0.6536192657366924,0.6440939362075009,0.6611695183123755,0.6512564209357212,0.6480617997077041,0.6516401881799988,0.005737995136562791
42.08415780067444,2.1561048616408622,1.3845407009124755,0.12575442927163807,,,log2,10,400,"{'model__class_weight': None, 'model__max_depth': None, 'model__max_features': 'log2', 'model__min_samples_leaf': 10, 'model__n_estimators': 400}",0.5937411897378067,0.5801791389771742,0.6020293122886133,0.6140845070422535,0.6121177802944507,0.6004303856680597,0.01249355933847948,93,0.6529677195418258,0.6447995514437903,0.6574699958614981,0.6480758505298383,0.6457636566332219,0.6498153548020349,0.0047567078887530536
195.6560604095459,9.870776726740653,0.8559572219848632,0.062217037150668786,,,,1,200,"{'model__class_weight': None, 'model__max_depth': None, 'model__max_features': None, 'model__min_samples_leaf': 1, 'model__n_estimators': 200}",0.6967406707605102,0.6958625695620615,0.689818095913064,0.7137842265387315,0.7058263971462545,0.7004063919841244,0.00842067409782481,31,0.9979533826037521,0.9976679369774188,0.9969853819464194,0.9972116314801115,0.9972141679458753,0.9974065001907153,0.0003520612587568543
364.2794741630554,8.766639496883109,1.4985573291778564,0.05930437553235846,,,,1,400,"{'model__class_weight': None, 'model__max_depth': None, 'model__max_features': None, 'model__min_samples_leaf': 1, 'model__n_estimators': 400}",0.6987724268177526,0.7013301088270859,0.6919611097936922,0.7129175426302266,0.7027797576621525,0.701552189146182,0.006788864200956253,29,0.9979529170931423,0.9976679369774188,0.9969850389669492,0.9972122660294703,0.9972138511400466,0.9974064020414055,0.00035196326677362576
177.98914580345155,9.819051693268127,0.7630612850189209,0.0489573054411889,,,,5,200,"{'model__class_weight': None, 'model__max_depth': None, 'model__max_features': None, 'model__min_samples_leaf': 5, 'model__n_estimators': 200}",0.6929657794676806,0.6910509631797123,0.688782816229117,0.711768851303735,0.7039187227866474,0.6976974265933784,0.008749214342802925,36,0.88180312352106,0.8774867866262842,0.8798156464192862,0.8785756676557863,0.8770949720670391,0.8789552392578912,0.0017094892227529988
376.29550557136537,9.404296782347584,1.5953482627868651,0.14242089307724484,,,,5,400,"{'model__class_weight': None, 'model__max_depth': None, 'model__max_features': None, 'model__min_samples_leaf': 5, 'model__n_estimators': 400}",0.6948870392390012,0.692495126705653,0.6913698302653598,0.7134475475240554,0.70625150856867,0.6996902104605478,0.008676213074360586,32,0.881388049979274,0.8788491261443347,0.881159420289855,0.8811105837683911,0.8788939654660891,0.8802802291295888,0.0011540810765809097
164.9016143798828,4.868781290382452,0.7418976306915284,0.0383183734079368,,,,10,200,"{'model__class_weight': None, 'model__max_depth': None, 'model__max_features': None, 'model__min_samples_leaf': 10, 'model__n_estimators': 200}",0.6857279008815821,0.6855330568431325,0.6885954381752701,0.7066037735849057,0.7006031363088058,0.6934126611587392,0.008602996244144838,43,0.8006672226855713,0.7986810551558753,0.8007877775125328,0.8008849557522124,0.7996406109613656,0.8001323244135115,0.0008520743436631767
358.19429779052734,11.784651688911019,1.441498374938965,0.11309242456176816,,,,10,400,"{'model__class_weight': None, 'model__max_depth': None, 'model__max_features': None, 'model__min_samples_leaf': 10, 'model__n_estimators': 400}",0.6878433245760688,0.6873170731707318,0.6875300914780934,0.7071327350023618,0.7018558688840685,0.6943358186222648,0.008462214998373267,39,0.80064404556026,0.7990651405285552,0.8023665810075898,0.8015303682448589,0.8006224935655714,0.800845725781367,0.0010993386464808208
23.051857233047485,1.7094361456976035,0.6564605236053467,0.06586935747133359,,10,sqrt,1,200,"{'model__class_weight': None, 'model__max_depth': 10, 'model__max_features': 'sqrt', 'model__min_samples_leaf': 1, 'model__n_estimators': 200}",0.554676048079742,0.5514574657941701,0.5665589186012342,0.5684951598709299,0.5597615499254843,0.5601898284543121,0.00657849820832947,97,0.586048545812377,0.5826633533109195,0.5856924532421222,0.5766889165994279,0.5740181268882175,0.5810222791706128,0.004849807973819627
46.94481358528137,3.304769820387553,1.1457398891448975,0.08593522312579951,,10,sqrt,1,400,"{'model__class_weight': None, 'model__max_depth': 10, 'model__max_features': 'sqrt', 'model__min_samples_leaf': 1, 'model__n_estimators': 400}",0.554089709762533,0.5484929871680095,0.5590761030500444,0.5674008810572687,0.5578758949880668,0.5573871152051846,0.006218448172196921,98,0.5877473806752037,0.5804702952164676,0.5803146725210392,0.576948505105414,0.5706891452233067,0.5792339997482863,0.005539168882582993
25.030469131469726,1.8499809152916822,0.6917957782745361,0.0640201857283138,,10,sqrt,5,200,"{'model__class_weight': None, 'model__max_depth': 10, 'model__max_features': 'sqrt', 'model__min_samples_leaf': 5, 'model__n_estimators': 200}",0.5525773195876289,0.5384615384615384,0.5560165975103735,0.5491606714628298,0.5648175615544349,0.5522067377153611,0.008624317510666609,100,0.5801024140453548,0.5658089322685596,0.5704604051565377,0.5568045563549161,0.5756711286665204,0.5697694872983777,0.008072812942168767
48.37382302284241,3.922461099809951,1.2500297546386718,0.1491696343985672,,10,sqrt,5,400,"{'model__class_weight': None, 'model__max_depth': 10, 'model__max_features': 'sqrt', 'model__min_samples_leaf': 5, 'model__n_estimators': 400}",0.5489386792452831,0.5406540654065407,0.5572993781462837,0.5549270616254838,0.5624256837098692,0.5528489736266922,0.007481231379701408,99,0.5773966578715919,0.5663952627683198,0.5723321320879606,0.5604534944432014,0.5731895223420647,0.5699534139026277,0.005906631663625466
24.32281951904297,1.6964031635379924,0.7681111812591552,0.08913439159908501,,10,sqrt,10,200,"{'model__class_weight': None, 'model__max_depth': 10, 'model__max_features': 'sqrt', 'model__min_samples_leaf': 10, 'model__n_estimators': 200}",0.5516632322637621,0.5398442180946674,0.5558518518518518,0.554995552920249,0.5536892621475705,0.5512088234556203,0.00585508925988561,101,0.5738644715566662,0.5629344771483509,0.5682102628285357,0.5561513255883229,0.5594769299353592,0.5641274934114471,0.006295205018192249
48.52386841773987,3.870836857808029,1.2025053024291992,0.1267012218595962,,10,sqrt,10,400,"{'model__class_weight': None, 'model__max_depth': 10, 'model__max_features': 'sqrt', 'model__min_samples_leaf': 10, 'model__n_estimators': 400}",0.5463673951565269,0.5418660287081339,0.5590318772136954,0.5528116631954776,0.553421368547419,0.5506996665642506,0.005968176590641667,102,0.570944452630028,0.5646711012564671,0.5706725468577729,0.5534402638285114,0.558775449546738,0.5637007628239035,0.006805217436770759
18.693863916397095,1.5059018313521129,0.7558103561401367,0.09062603699089378,,10,log2,1,200,"{'model__class_weight': None, 'model__max_depth': 10, 'model__max_features': 'log2', 'model__min_samples_leaf': 1, 'model__n_estimators': 200}",0.3482045701849837,0.3483917600289122,0.36670254754216003,0.36759457530335476,0.3697056712132089,0.36011982485452393,0.009701684194619834,107,0.3775684163301929,0.3993329822713709,0.3907760532150776,0.39752977503308334,0.38617741360883506,0.3902769280917119,0.007914257035712684
35.00235524177551,2.880288970092865,1.378117036819458,0.24445804899702617,,10,log2,1,400,"{'model__class_weight': None, 'model__max_depth': 10, 'model__max_features': 'log2', 'model__min_samples_leaf': 1, 'model__n_estimators': 400}",0.3824673029338989,0.353364519611371,0.39649737302977234,0.3554434030281182,0.3787824848700605,0.37331101669464417,0.016543857021979778,103,0.4108919532204573,0.4118873826903024,0.41710024280263613,0.38312672790511015,0.3949832185126303,0.40359790502622717,0.01262943879103808
18.416462469100953,1.9017297032830156,0.7201309204101562,0.07968353462621824,,10,log2,5,200,"{'model__class_weight': None, 'model__max_depth': 10, 'model__max_features': 'log2', 'model__min_samples_leaf': 5, 'model__n_estimators': 200}",0.35621387283236994,0.3114754098360656,0.3799359658484525,0.3463768115942029,0.3870056497175141,0.356201541965721,0.02686696226085842,108,0.37762863534675617,0.34898107714701604,0.39345711759504864,0.3742731908041864,0.3909548626446427,0.37705897670752997,0.015864729612186778
35.56496081352234,3.2341067933120637,1.2556718826293944,0.17040362863239703,,10,log2,5,400,"{'model__class_weight': None, 'model__max_depth': 10, 'model__max_features': 'log2', 'model__min_samples_leaf': 5, 'model__n_estimators': 400}",0.37124463519313305,0.3105636431504293,0.3949579831932773,0.3625312835180551,0.40501917044266295,0.3688633430995115,0.03296299330225404,105,0.38769176199343797,0.35110060032745133,0.41160125043417856,0.3891394711240824,0.40912639888956365,0.3897318965537428,0.021685504490508083
18.087607383728027,1.5690703287173016,0.7166015148162842,0.0913943063647548,,10,log2,10,200,"{'model__class_weight': None, 'model__max_depth': 10, 'model__max_features': 'log2', 'model__min_samples_leaf': 10, 'model__n_estimators': 200}",0.3251851851851852,0.3560171919770774,0.34681238615664844,0.4057971014492754,0.38243626062322944,0.3632496250782832,0.028106252775424643,106,0.3360398597527219,0.39111345275728837,0.3578222665096476,0.41974034906714813,0.3775228949942207,0.3764477646162053,0.028531365679185305
34.092877054214476,2.463354225415983,1.1390899658203124,0.09240026371865717,,10,log2,10,400,"{'model__class_weight': None, 'model__max_depth': 10, 'model__max_features': 'log2', 'model__min_samples_leaf': 10, 'model__n_estimators': 400}",0.39902506963788303,0.348014440433213,0.34874408445576993,0.38393800634026065,0.36481149012567327,0.36890661819855997,0.019964191339549277,104,0.41876509141083135,0.38882524015158193,0.355002723806065,0.3980369818596092,0.3672919845615295,0.3855844043579234,0.022522786256426532
153.5207106590271,5.671194753927103,0.6454013824462891,0.08616715095587398,,10,,1,200,"{'model__class_weight': None, 'model__max_depth': 10, 'model__max_features': None, 'model__min_samples_leaf': 1, 'model__n_estimators': 200}",0.6682914940287594,0.6628712871287129,0.6650378695333496,0.6893014167073767,0.6859524393233636,0.6742909013443125,0.011075433302289916,64,0.7066503965832824,0.704989680708996,0.705362546907154,0.7010902854342766,0.7048259010384851,0.704583762134439,0.0018603905106164957
301.9313894271851,13.550355484402195,1.0567922115325927,0.09826548551673427,,10,,1,400,"{'model__class_weight': None, 'model__max_depth': 10, 'model__max_features': None, 'model__min_samples_leaf': 1, 'model__n_estimators': 400}",0.6699099975675018,0.6633638840723309,0.6645445641527914,0.6912374908469612,0.6862889379445671,0.6750689749168305,0.01150387672591951,60,0.7079624436044385,0.7038882138517618,0.7068496463333535,0.7010044096031357,0.7069312977099237,0.7053272022205227,0.002553142342513504
148.12848086357116,7.665260241485143,0.6158637046813965,0.060406152507163746,,10,,5,200,"{'model__class_weight': None, 'model__max_depth': 10, 'model__max_features': None, 'model__min_samples_leaf': 5, 'model__n_estimators': 200}",0.6661793372319688,0.6617100371747212,0.6627508565834557,0.6855884511866895,0.6848708487084871,0.6722199061770644,0.010727283555875865,71,0.6986032835089439,0.6960712542703757,0.6969715360805971,0.6932579435806036,0.6977143207304369,0.6965236676341914,0.0018337216022803787
296.7840009689331,14.400251486765915,1.0512819290161133,0.0750206961199599,,10,,5,400,"{'model__class_weight': None, 'model__max_depth': 10, 'model__max_features': None, 'model__min_samples_leaf': 5, 'model__n_estimators': 400}",0.6690997566909975,0.6605459057071961,0.6619269428781565,0.6891330891330891,0.6864864864864865,0.6734384361791851,0.012117175478281797,66,0.7003305178112376,0.6952224052718287,0.6981006129012682,0.6930875576036867,0.6991909781809267,0.6971864143537896,0.00266072847184015
145.27133984565734,7.640400902349394,0.6453227996826172,0.0990894488304341,,10,,10,200,"{'model__class_weight': None, 'model__max_depth': 10, 'model__max_features': None, 'model__min_samples_leaf': 10, 'model__n_estimators': 200}",0.6650414431984398,0.6597066865523241,0.663393076356494,0.6856162705219309,0.6830951207491375,0.6713705194756653,0.010771717612342524,73,0.6934790617708462,0.6900470458850125,0.6932440657334145,0.6878424130501692,0.6903503380454825,0.690992584896985,0.002120464142915548
313.5375331878662,15.982248033562941,1.1734094142913818,0.12415662649536421,,10,,10,400,"{'model__class_weight': None, 'model__max_depth': 10, 'model__max_features': None, 'model__min_samples_leaf': 10, 'model__n_estimators': 400}",0.6669914738124239,0.6597066865523241,0.6637146371463715,0.6877141458639257,0.6852216748768473,0.6726697236503785,0.011527033839224527,69,0.6965741251455537,0.68970156555773,0.6946509077616668,0.687226839027393,0.6925156691655401,0.6921338213315767,0.003352377464076735
33.140858221054074,1.3378108689318315,0.9523433685302735,0.07064641566413862,,20,sqrt,1,200,"{'model__class_weight': None, 'model__max_depth': 20, 'model__max_features': 'sqrt', 'model__min_samples_leaf': 1, 'model__n_estimators': 200}",0.6753180661577608,0.6737331954498449,0.6700872242175474,0.7024688215831,0.6857142857142857,0.6814643186245076,0.011715257802314007,55,0.885580304806565,0.8788075178224238,0.8790033495915849,0.8775847808105872,0.8826296601199577,0.8807211226302236,0.002956465266324068
63.85877161026001,4.1004670298237595,1.5936761856079102,0.1017977514246551,,20,sqrt,1,400,"{'model__class_weight': None, 'model__max_depth': 20, 'model__max_features': 'sqrt', 'model__min_samples_leaf': 1, 'model__n_estimators': 400}",0.6758269720101782,0.6726804123711341,0.6716188524590164,0.7031011692933401,0.6833759590792838,0.6813206730425905,0.011641085823596102,56,0.8876786132583743,0.8817267541022172,0.8811468186358028,0.8765796622180229,0.8800423379983535,0.8814348372425542,0.0035962393627358255
31.39514470100403,2.1545208559646327,0.8283955097198487,0.03612396432683438,,20,sqrt,5,200,"{'model__class_weight': None, 'model__max_depth': 20, 'model__max_features': 'sqrt', 'model__min_samples_leaf': 5, 'model__n_estimators': 200}",0.656054279749478,0.6524035921817222,0.6558746736292428,0.6834066787470877,0.6715252472670484,0.6638528943149159,0.011804849844268734,80,0.7434428316781257,0.738238687347776,0.7445320447609359,0.7393140517020732,0.7429992983351407,0.7417053827648104,0.0024665524780942086
59.47317724227905,2.843063482993402,1.608365249633789,0.18966785602285996,,20,sqrt,5,400,"{'model__class_weight': None, 'model__max_depth': 20, 'model__max_features': 'sqrt', 'model__min_samples_leaf': 5, 'model__n_estimators': 400}",0.6558492541219576,0.6515431284621472,0.6572549019607843,0.6859953404090086,0.6670162558993183,0.6635317761706433,0.01231991303560275,81,0.7438332589712537,0.7404848717456662,0.7448512585812357,0.7399731337555172,0.7406790518898142,0.7419643149886974,0.0019815575269217806
31.149175500869752,2.350798738844503,0.8453879356384277,0.09051426130922778,,20,sqrt,10,200,"{'model__class_weight': None, 'model__max_depth': 20, 'model__max_features': 'sqrt', 'model__min_samples_leaf': 10, 'model__n_estimators': 200}",0.6386151797603196,0.6344231288840854,0.6421333333333333,0.6696569920844327,0.6538666666666667,0.6477390601457674,0.012727346101150679,87,0.700202786681494,0.6962016983740372,0.7012103369316324,0.6935526315789474,0.6972597351514357,0.6976854377435093,0.0027649503420229407
60.40246834754944,4.011687715494313,1.4239970684051513,0.18536344959812426,,20,sqrt,10,400,"{'model__class_weight': None, 'model__max_depth': 20, 'model__max_features': 'sqrt', 'model__min_samples_leaf': 10, 'model__n_estimators': 400}",0.6387629965342575,0.6379774072081764,0.6413885180240321,0.6687813904308749,0.654739652870494,0.648329993013567,0.0118847038274044,86,0.7016946934502388,0.6964414918108268,0.7016192217289109,0.6924901185770751,0.6953494482396216,0.6975189947613346,0.00361679032074016
25.187781381607056,2.704489968555709,1.011323595046997,0.25649978975460225,,20,log2,1,200,"{'model__class_weight': None, 'model__max_depth': 20, 'model__max_features': 'log2', 'model__min_samples_leaf': 1, 'model__n_estimators': 200}",0.6409638554216868,0.6341463414634146,0.6447969884377521,0.6656,0.6571964620745109,0.6485407294794728,0.011353972355798525,85,0.8534404088337287,0.8504495687809652,0.8474018053183703,0.8482805124747134,0.850057880948029,0.8499260352711613,0.002084311602609669
47.00069618225098,3.168461543260137,1.6198405265808105,0.1509771523837321,,20,log2,1,400,"{'model__class_weight': None, 'model__max_depth': 20, 'model__max_features': 'log2', 'model__min_samples_leaf': 1, 'model__n_estimators': 400}",0.6397849462365591,0.6362144420131292,0.6410603191777117,0.6666666666666666,0.6535666218034993,0.6474585991795132,0.011247326827463261,88,0.8501797355754585,0.8485665278118109,0.8491245195534135,0.8463707699852869,0.8476538695917124,0.8483790845035364,0.0012955629326867658
21.145704889297484,1.0263168624857835,0.7479627132415771,0.07905824067705293,,20,log2,5,200,"{'model__class_weight': None, 'model__max_depth': 20, 'model__max_features': 'log2', 'model__min_samples_leaf': 5, 'model__n_estimators': 200}",0.6099527383931054,0.5969300739056282,0.6157278304517568,0.6200726866088901,0.6230876216968011,0.6131541902112363,0.009237245489994264,91,0.6824631679000611,0.6755293633934077,0.6798724645546436,0.6664370824436945,0.6794173699972774,0.6767438896578168,0.005609830133235222
40.71479501724243,0.8178321822171316,1.412384271621704,0.07468834307250358,,20,log2,5,400,"{'model__class_weight': None, 'model__max_depth': 20, 'model__max_features': 'log2', 'model__min_samples_leaf': 5, 'model__n_estimators': 400}",0.6081871345029239,0.5987514188422247,0.6131019036954087,0.6205156950672646,0.6235359732292247,0.6128184250674094,0.008871568977538418,92,0.6799129014697877,0.6746096959737058,0.6785519869352205,0.6633998205535233,0.6738165175216886,0.6740581844907851,0.005804054806300546
22.05896782875061,0.9685642449603024,0.7434944629669189,0.03757571513427462,,20,log2,10,200,"{'model__class_weight': None, 'model__max_depth': 20, 'model__max_features': 'log2', 'model__min_samples_leaf': 10, 'model__n_estimators': 200}",0.5787063537492845,0.5655617483132883,0.5955024195844008,0.6019417475728155,0.5947505047591578,0.5872925547957893,0.013293400959218632,95,0.6378340365682138,0.6227006987024098,0.6419031719532554,0.6291245672295627,0.62537207654146,0.6313869101989804,0.007333537884368781
40.39170184135437,3.045485878589267,1.2360733985900878,0.0959401982909768,,20,log2,10,400,"{'model__class_weight': None, 'model__max_depth': 20, 'model__max_features': 'log2', 'model__min_samples_leaf': 10, 'model__n_estimators': 400}",0.5795194508009154,0.566998244587478,0.5927407830808803,0.6012549914432401,0.5952175165658312,0.5871461972956691,0.012325671726881688,96,0.6320101709280972,0.6215753424657534,0.63740110621018,0.6231668437832093,0.6237244897959183,0.6275755906366316,0.006107000299042524
184.13996148109436,7.910982251375864,0.7736071586608887,0.06517443027939455,,20,,1,200,"{'model__class_weight': None, 'model__max_depth': 20, 'model__max_features': None, 'model__min_samples_leaf': 1, 'model__n_estimators': 200}",0.6981132075471698,0.7019551740581783,0.6928689103318428,0.7166395915525644,0.7084223013048636,0.7035998369589238,0.008261382049815153,28,0.9493513818386915,0.9429708966522738,0.9447264523406655,0.9468751764240952,0.9467595192631697,0.9461366853037791,0.0021577089647858085
358.9285710334778,8.822035391993106,1.4027494430541991,0.06421290965937702,,20,,1,400,"{'model__class_weight': None, 'model__max_depth': 20, 'model__max_features': None, 'model__min_samples_leaf': 1, 'model__n_estimators': 400}",0.6956521739130435,0.703012912482066,0.6952425812529439,0.7172445892483128,0.7080568720379147,0.7038418257868562,0.008235352875711414,26,0.9498448519040903,0.9428010103845075,0.9449520586576424,0.945823927765237,0.9459686921393705,0.9458781081701696,0.0022835190082209737
172.44600110054017,6.846832838222218,0.740852165222168,0.025938214498951624,,20,,5,200,"{'model__class_weight': None, 'model__max_depth': 20, 'model__max_features': None, 'model__min_samples_leaf': 5, 'model__n_estimators': 200}",0.6927294398092968,0.6925503518563455,0.6879770992366412,0.7126058325493885,0.7035515825078521,0.6978828611919048,0.008966803383882758,35,0.8497494842322428,0.8448965192850423,0.848559670781893,0.8468447175608603,0.8444392027361717,0.846897918919242,0.0020467808938200434
356.9842260360718,9.766231771284007,1.4248182773590088,0.22141980104801837,,20,,5,400,"{'model__class_weight': None, 'model__max_depth': 20, 'model__max_features': None, 'model__min_samples_leaf': 5, 'model__n_estimators': 400}",0.6927108146736541,0.6928675400291121,0.6902147971360382,0.7134146341463414,0.7058540110816671,0.6990123594133626,0.009045430762872758,33,0.8499911655574534,0.8445516592139327,0.8491909385113269,0.8488282864057611,0.845597317804835,0.8476318734986619,0.0021473464316592744
162.23641600608826,1.5196847767652282,0.6925845146179199,0.014435280999209692,,20,,10,200,"{'model__class_weight': None, 'model__max_depth': 20, 'model__max_features': None, 'model__min_samples_leaf': 10, 'model__n_estimators': 200}",0.6870520783564262,0.685672514619883,0.6876350540216086,0.7076051015588096,0.7013989387361312,0.6938727374585718,0.008920709268925171,41,0.789611627352871,0.7856759176365264,0.7886920737162283,0.7889294040289317,0.787194648509825,0.7880207342488765,0.0014133577687029059
342.77697229385376,14.54084301167616,1.4860263824462892,0.1145244844569037,,20,,10,400,"{'model__class_weight': None, 'model__max_depth': 20, 'model__max_features': None, 'model__min_samples_leaf': 10, 'model__n_estimators': 400}",0.6869606903163951,0.6888834833373875,0.6870192307692308,0.7083333333333334,0.7029107529468367,0.6948214981406367,0.00901036546631042,38,0.79028987236073,0.786916557240062,0.7912586577501791,0.7895774816231399,0.788323782234957,0.7892732702418137,0.0015181180216884934
35.82189240455627,2.163601364566266,1.024704599380493,0.06939427090364238,balanced,,sqrt,1,200,"{'model__class_weight': 'balanced', 'model__max_depth': None, 'model__max_features': 'sqrt', 'model__min_samples_leaf': 1, 'model__n_estimators': 200}",0.6760140210315473,0.6761783439490446,0.6821392532795156,0.7129789864029666,0.6905717151454364,0.6875764639617021,0.013765392565205849,54,0.9979570990806946,0.9976734948646655,0.9969952945178298,0.9972217497306798,0.9972214346470087,0.9974138145681757,0.00034975702604524557
67.42476224899292,3.093452485711047,1.904317045211792,0.07659914857771986,balanced,,sqrt,1,400,"{'model__class_weight': 'balanced', 'model__max_depth': None, 'model__max_features': 'sqrt', 'model__min_samples_leaf': 1, 'model__n_estimators': 400}",0.6811377245508982,0.6748216106014271,0.6770859591630956,0.7139315815567675,0.6930395593390085,0.6880032870422393,0.014406395005085913,53,0.9979577944179714,0.9976742866867094,0.9969963162368943,0.9972217497306798,0.9972226945530805,0.997414568325067,0.0003497077578107086
32.23277630805969,1.2503791731414207,0.8533716678619385,0.050000054760600536,balanced,,sqrt,5,200,"{'model__class_weight': 'balanced', 'model__max_depth': None, 'model__max_features': 'sqrt', 'model__min_samples_leaf': 5, 'model__n_estimators': 200}",0.7229562345169281,0.7227244061383225,0.7235823394015485,0.7374716436378634,0.7276127155620196,0.7268694678513363,0.005590325460069016,2,0.8296395330899368,0.8292431429160652,0.8311568123393316,0.8257040450588837,0.8284346528028003,0.8288356372414034,0.0017982114093194285
57.78435487747193,3.5568576269380783,1.558933639526367,0.09906314044388398,balanced,,sqrt,5,400,"{'model__class_weight': 'balanced', 'model__max_depth': None, 'model__max_features': 'sqrt', 'model__min_samples_leaf': 5, 'model__n_estimators': 400}",0.7197518097207859,0.7241451646737991,0.7239572416684134,0.7372112211221122,0.7312096606287737,0.7272550195627769,0.0061904738082796595,1,0.8314537308821257,0.8293009368887059,0.8309133971784575,0.8256730473948204,0.8286610771050872,0.8292004378898394,0.002037402888129966
30.363754987716675,1.5286346121607004,0.8523744583129883,0.06341218633931764,balanced,,sqrt,10,200,"{'model__class_weight': 'balanced', 'model__max_depth': None, 'model__max_features': 'sqrt', 'model__min_samples_leaf': 10, 'model__n_estimators': 200}",0.710124826629681,0.7202572347266881,0.7176399759181216,0.725218080888184,0.7233019434982969,0.7193084123321943,0.005270572340378017,14,0.7810197171878112,0.7783713615257876,0.779132858778436,0.7779935275080906,0.7772134249576735,0.7787461779915598,0.0012942028051274198
55.113921594619754,3.2155209539338796,1.4794682502746581,0.13810062400055387,balanced,,sqrt,10,400,"{'model__class_weight': 'balanced', 'model__max_depth': None, 'model__max_features': 'sqrt', 'model__min_samples_leaf': 10, 'model__n_estimators': 400}",0.710766785856178,0.7206119162640902,0.7192098367264664,0.7256496726839913,0.7225780624499599,0.7197632547961372,0.004990711550733897,10,0.7808601935934537,0.7783772981614708,0.7792285457988638,0.7787284847278878,0.7772464634389321,0.7788881971441216,0.001182067898903554
30.02430248260498,1.726466950432675,1.2555424213409423,0.10887299379970874,balanced,,log2,1,200,"{'model__class_weight': 'balanced', 'model__max_depth': None, 'model__max_features': 'log2', 'model__min_samples_leaf': 1, 'model__n_estimators': 200}",0.667853509664293,0.6611009653013306,0.667525109451455,0.6976389946686976,0.6774441878367975,0.6743125533845148,0.01277704737356056,63,0.9979573309123921,0.9976737588652482,0.9969946129855402,0.9972217497306798,0.9972217497306798,0.997413840444908,0.0003499968060287745
57.697435998916625,2.8187201277833127,2.4274456977844237,0.19754733213389833,balanced,,log2,1,400,"{'model__class_weight': 'balanced', 'model__max_depth': None, 'model__max_features': 'log2', 'model__min_samples_leaf': 1, 'model__n_estimators': 400}",0.6654786150712831,0.6597077244258872,0.6644398766700925,0.6935031847133758,0.6785896780786919,0.6723438157918661,0.012296371240707598,70,0.9979577944179714,0.9976745505076287,0.9969963162368943,0.9972220647428992,0.9972226945530805,0.9974146840916948,0.00034971223571292695
22.322847032546996,1.0051508990556615,0.825005054473877,0.052886539948106284,balanced,,log2,5,200,"{'model__class_weight': 'balanced', 'model__max_depth': None, 'model__max_features': 'log2', 'model__min_samples_leaf': 5, 'model__n_estimators': 200}",0.704051087607264,0.7148058252427184,0.7108506769044252,0.7221127315727237,0.7177938808373591,0.7139228404328981,0.006160010153654478,20,0.7916749850269514,0.7929041660384945,0.7928532105500226,0.7886946155374528,0.7920594543368746,0.7916372862979593,0.0015441770828323541
44.915514087677,1.8664031636749618,1.596963930130005,0.1412569202448356,balanced,,log2,5,400,"{'model__class_weight': 'balanced', 'model__max_depth': None, 'model__max_features': 'log2', 'model__min_samples_leaf': 5, 'model__n_estimators': 400}",0.7060946271050521,0.7159894885789367,0.7099777373001417,0.7246722288438617,0.7207098205283323,0.7154887804712649,0.0067892180138901595,19,0.7940896568995742,0.7913279132791328,0.7940866950638937,0.7912372417226786,0.7931206879312068,0.7927724389792972,0.001267051265976942
21.699917554855347,0.5610901350147328,0.8065112590789795,0.08107688799055977,balanced,,log2,10,200,"{'model__class_weight': 'balanced', 'model__max_depth': None, 'model__max_features': 'log2', 'model__min_samples_leaf': 10, 'model__n_estimators': 200}",0.6962391513982642,0.7053309900410076,0.6999419616947186,0.7067097509979091,0.7098525989138867,0.7036148906091573,0.0048851632254895815,27,0.7487817822164327,0.7459123768861288,0.7444967797750649,0.7407371948300623,0.745,0.7449856267415378,0.0025906761230885525
40.84868698120117,1.8463668614282005,1.2500808715820313,0.05600993254520223,balanced,,log2,10,400,"{'model__class_weight': 'balanced', 'model__max_depth': None, 'model__max_features': 'log2', 'model__min_samples_leaf': 10, 'model__n_estimators': 400}",0.693482885321988,0.7074829931972789,0.7019174898314933,0.7067812798471824,0.7132024110441376,0.7045734118484159,0.006600813165645132,24,0.7510065486296386,0.7463568143306706,0.7473131235240252,0.7432939140467263,0.7464184072162462,0.7468777615494614,0.0024723583127614864
199.7924654006958,8.585700391941417,0.8779395580291748,0.10847628944376117,balanced,,,1,200,"{'model__class_weight': 'balanced', 'model__max_depth': None, 'model__max_features': None, 'model__min_samples_leaf': 1, 'model__n_estimators': 200}",0.6925287356321839,0.6855314960629921,0.6833171677982541,0.7107516650808754,0.697495183044316,0.6939248495237244,0.009806216713355397,40,0.9979568671963678,0.9976732308041542,0.9969952945178298,0.9972211194918619,0.9972211194918619,0.997413526300415,0.00034974972262942565
393.71482768058775,17.226017758086204,1.5860935688018798,0.17602871664045852,balanced,,,1,400,"{'model__class_weight': 'balanced', 'model__max_depth': None, 'model__max_features': None, 'model__min_samples_leaf': 1, 'model__n_estimators': 400}",0.6902994011976048,0.6861924686192469,0.6897218863361547,0.7127583749109052,0.7009368244054768,0.6959817910938776,0.009729469838692602,37,0.9979575626914785,0.9976745505076287,0.9969966566555222,0.9972217497306798,0.9972226945530805,0.9974146428276779,0.0003495935662195386
176.90281071662903,4.741133219519609,0.7644411563873291,0.07997784571814846,balanced,,,5,200,"{'model__class_weight': 'balanced', 'model__max_depth': None, 'model__max_features': None, 'model__min_samples_leaf': 5, 'model__n_estimators': 200}",0.7211801896733404,0.7204116638078902,0.7119879905640146,0.7277310924369748,0.7303974221267454,0.7223416717217932,0.006422050371114524,3,0.8815275872982382,0.8797040169133192,0.8799238618939353,0.8779280939095647,0.8802534318901795,0.8798673983810474,0.0011572409063227403
377.8744112014771,15.97680523956079,1.5294724464416505,0.10726364586888977,balanced,,,5,400,"{'model__class_weight': 'balanced', 'model__max_depth': None, 'model__max_features': None, 'model__min_samples_leaf': 5, 'model__n_estimators': 400}",0.7181434599156118,0.7209802235597592,0.7126881720430107,0.7292980243799916,0.7284056725397507,0.7219031104876248,0.006274868093602562,5,0.8812523059083961,0.880397967823878,0.8817965653896962,0.8782567503552818,0.8807814149947202,0.8804970008943943,0.0012139831093667883
175.10796418190003,8.10332259559828,0.6932508945465088,0.040386015003509065,balanced,,,10,200,"{'model__class_weight': 'balanced', 'model__max_depth': None, 'model__max_features': None, 'model__min_samples_leaf': 10, 'model__n_estimators': 200}",0.7140555779299235,0.7201142390860873,0.7154206559380729,0.7253719340570969,0.7262318544264976,0.7202388522875356,0.0049744955399328725,7,0.8157320477036285,0.8115736040609137,0.8116147308781869,0.8098395505390494,0.8115019203557712,0.8120523707075099,0.0019575667347777404
378.5124558448791,9.779462133308767,1.4318057537078857,0.15101013482850126,balanced,,,10,400,"{'model__class_weight': 'balanced', 'model__max_depth': None, 'model__max_features': None, 'model__min_samples_leaf': 10, 'model__n_estimators': 400}",0.7131626688167708,0.719607040523946,0.7135003054367746,0.7274190303761818,0.7271241830065359,0.7201626456320419,0.006242007233244986,9,0.8153752411902102,0.8128521394853053,0.8118801861971261,0.809889776519365,0.8128412537917088,0.812567719436743,0.0017709869806339876
22.02207589149475,1.3404051292886996,0.6069471359252929,0.07484161575302664,balanced,10,sqrt,1,200,"{'model__class_weight': 'balanced', 'model__max_depth': 10, 'model__max_features': 'sqrt', 'model__min_samples_leaf': 1, 'model__n_estimators': 200}",0.6624472573839663,0.6744646391938096,0.6706927175843694,0.6780496391480373,0.6793189074139766,0.6729946321448319,0.006070525499431323,67,0.6939389914552618,0.6967476769120801,0.6927753303964758,0.6884426517011575,0.6909506840878096,0.6925710669105569,0.0027937954424031926
44.32887949943542,3.0325483568537797,1.078642988204956,0.11826140084088148,balanced,10,sqrt,1,400,"{'model__class_weight': 'balanced', 'model__max_depth': 10, 'model__max_features': 'sqrt', 'model__min_samples_leaf': 1, 'model__n_estimators': 400}",0.6638566912539515,0.6776740847092606,0.672256913470116,0.6796047988708539,0.6826581378820185,0.67521012523724,0.006610280900792197,59,0.6944014162425315,0.6960897835574953,0.693154196314138,0.6893639482713116,0.6917922948073701,0.6929603278385693,0.002289369390217876
21.3047607421875,0.42259403286733166,0.6275840282440186,0.06871802600967546,balanced,10,sqrt,5,200,"{'model__class_weight': 'balanced', 'model__max_depth': 10, 'model__max_features': 'sqrt', 'model__min_samples_leaf': 5, 'model__n_estimators': 200}",0.6650254967469668,0.6768183446793264,0.6712888888888889,0.6775725593667546,0.6793920113114175,0.6740194601986709,0.005247284473739926,65,0.6901794395827808,0.6906615651554923,0.6877564526803441,0.6845708267509215,0.68596784113874,0.6878272250616557,0.002350865550465521
42.30314879417419,3.4332432811877873,0.986560583114624,0.036752715539939196,balanced,10,sqrt,5,400,"{'model__class_weight': 'balanced', 'model__max_depth': 10, 'model__max_features': 'sqrt', 'model__min_samples_leaf': 5, 'model__n_estimators': 400}",0.6624472573839663,0.6768901569186876,0.6739169192369406,0.6807154241190012,0.6792920353982301,0.6746523586113652,0.006523809812451968,61,0.6894261424017003,0.6894285841140168,0.6908640226628895,0.6864671925263297,0.6881720430107527,0.6888715969431377,0.001473638485297241
22.765119743347167,1.5078945365942555,0.6214846611022949,0.030022272959702404,balanced,10,sqrt,10,200,"{'model__class_weight': 'balanced', 'model__max_depth': 10, 'model__max_features': 'sqrt', 'model__min_samples_leaf': 10, 'model__n_estimators': 200}",0.6635137502189525,0.67646531636494,0.6693819727288826,0.6784389899346636,0.6765327695560254,0.6728665597606929,0.005604667956446894,68,0.6862667196397828,0.6881768349748206,0.6834453375499626,0.6828046744574291,0.6822557250230759,0.6845898583290142,0.0022637691080166474
43.8353777885437,2.4913393135883153,1.1184467792510986,0.1505607427248265,balanced,10,sqrt,10,400,"{'model__class_weight': 'balanced', 'model__max_depth': 10, 'model__max_features': 'sqrt', 'model__min_samples_leaf': 10, 'model__n_estimators': 400}",0.6645614035087719,0.6769011067475902,0.6718805545680768,0.6807909604519774,0.6779840848806366,0.6744236220314106,0.00571118851191225,62,0.687818045046241,0.6876640419947506,0.6858176683434825,0.6835286859962986,0.6839994712025734,0.6857655825166693,0.0017856270033347727
16.135367918014527,1.2865260954991549,0.5950804710388183,0.06292410553361918,balanced,10,log2,1,200,"{'model__class_weight': 'balanced', 'model__max_depth': 10, 'model__max_features': 'log2', 'model__min_samples_leaf': 1, 'model__n_estimators': 200}",0.6560940841054882,0.6653486700215672,0.6647646219686163,0.6735346358792185,0.6747676912080057,0.6669019406365791,0.006777215087661825,75,0.6878094473437709,0.6830074113760157,0.6833789390060906,0.6804078209824779,0.6823592112275715,0.6833925659871853,0.0024344977095744013
32.10901575088501,2.1348448280509826,1.1431158542633058,0.1056097520153118,balanced,10,log2,1,400,"{'model__class_weight': 'balanced', 'model__max_depth': 10, 'model__max_features': 'log2', 'model__min_samples_leaf': 1, 'model__n_estimators': 400}",0.6532142857142857,0.6658268850098974,0.6648783977110158,0.6746385864715331,0.6722779369627507,0.6661672183738966,0.007465390935536512,76,0.6891019896038717,0.6839706933523946,0.6833251963960765,0.6830567142983935,0.6827034237438862,0.6844316034789244,0.0023717506947043042
16.47450351715088,1.1769747788821787,0.6703602313995362,0.0752883361489324,balanced,10,log2,5,200,"{'model__class_weight': 'balanced', 'model__max_depth': 10, 'model__max_features': 'log2', 'model__min_samples_leaf': 5, 'model__n_estimators': 200}",0.6548017621145374,0.6664269016363963,0.6633434217553854,0.6691410392364793,0.671538050258421,0.6650502350002439,0.005808029701928462,77,0.6813040585495675,0.6805350512235494,0.6773208198680774,0.6713970912296165,0.6747501665556296,0.6770614374852881,0.003675864440716813
33.344426441192624,2.4511973545696737,1.1674336433410644,0.14358226926144418,balanced,10,log2,5,400,"{'model__class_weight': 'balanced', 'model__max_depth': 10, 'model__max_features': 'log2', 'model__min_samples_leaf': 5, 'model__n_estimators': 400}",0.6543451217344944,0.6642716005029639,0.6623679025613469,0.6708008504606662,0.6723799321549724,0.6648330814828887,0.006464656051621349,78,0.6819438252340615,0.6786336235766912,0.676500644244013,0.6739534472077175,0.6750743816332875,0.6772211843791542,0.002832114668186212
16.01059365272522,0.13729735558050896,0.6065620422363281,0.027179500510617023,balanced,10,log2,10,200,"{'model__class_weight': 'balanced', 'model__max_depth': 10, 'model__max_features': 'log2', 'model__min_samples_leaf': 10, 'model__n_estimators': 200}",0.653472344937268,0.6627091203453859,0.662159758050169,0.669260700389105,0.6689153204331617,0.663303448831018,0.005749674907784193,82,0.67821914156225,0.6748805856881389,0.6738332227383322,0.6717341347003712,0.6704936854190585,0.6738321540216302,0.002679250920155865
31.241871547698974,1.3489425786852898,1.0424486160278321,0.1331439855401472,balanced,10,log2,10,400,"{'model__class_weight': 'balanced', 'model__max_depth': 10, 'model__max_features': 'log2', 'model__min_samples_leaf': 10, 'model__n_estimators': 400}",0.6539210479730926,0.6618808327351041,0.6628591825807603,0.6712913553895411,0.6714209306471742,0.6642746698651345,0.0065610131177135,79,0.6792906790233469,0.6755658734764944,0.6734323066696211,0.6737131944752853,0.6733878131106769,0.675077973351085,0.002254436402210032
161.0518325805664,7.628902367253983,0.6252505779266357,0.024701092229004948,balanced,10,,1,200,"{'model__class_weight': 'balanced', 'model__max_depth': 10, 'model__max_features': None, 'model__min_samples_leaf': 1, 'model__n_estimators': 200}",0.6887708371496611,0.6908887646730016,0.6904190511353148,0.694434205676373,0.698928703361655,0.6926883123992011,0.0036256076382574433,44,0.7201881398137047,0.720074263170109,0.7207837005013108,0.7124908290535583,0.7139028932188763,0.7174879651515117,0.0035402220858839727
317.8936726570129,17.693821361584355,1.132772731781006,0.12716309670149148,balanced,10,,1,400,"{'model__class_weight': 'balanced', 'model__max_depth': 10, 'model__max_features': None, 'model__min_samples_leaf': 1, 'model__n_estimators': 400}",0.6866764275256223,0.6905428091773923,0.6904982404148916,0.6939679026009962,0.6999630040695524,0.692329676757691,0.004459994427593286,46,0.7205129387886895,0.7204530684244731,0.7203909455534554,0.7120351712767906,0.7141686395920598,0.7175121527270937,0.0036638110255519498
159.5914162158966,9.61727198846868,0.6595005989074707,0.05847707790327987,balanced,10,,5,200,"{'model__class_weight': 'balanced', 'model__max_depth': 10, 'model__max_features': None, 'model__min_samples_leaf': 5, 'model__n_estimators': 200}",0.6876027022092386,0.6919220055710307,0.6899981580401547,0.69302924406842,0.6978629329403095,0.6920830085658307,0.0034277851778873425,48,0.7140357340209983,0.7155452436194896,0.7154740567121651,0.7075527870654513,0.709235307465396,0.7123686257767,0.0033323816781693706
302.1545917510986,1.9108315421358097,1.0110071659088136,0.035377493979075324,balanced,10,,5,400,"{'model__class_weight': 'balanced', 'model__max_depth': 10, 'model__max_features': None, 'model__min_samples_leaf': 5, 'model__n_estimators': 400}",0.6871008939974457,0.6902457185405808,0.6909158050221565,0.6929162833486661,0.69903988183161,0.6920437165480918,0.003965959594052796,49,0.714924204027093,0.7153596287703016,0.7151342142824255,0.706872883682621,0.7092372765725201,0.7123056414669924,0.003552865119067122
159.23143382072448,8.268333848653093,0.7314588546752929,0.08036069629732606,balanced,10,,10,200,"{'model__class_weight': 'balanced', 'model__max_depth': 10, 'model__max_features': None, 'model__min_samples_leaf': 10, 'model__n_estimators': 200}",0.6845075550700892,0.6899239190944516,0.6901227780831959,0.6946943271525611,0.69640234948605,0.6911301857772696,0.004167205321821558,51,0.709998158718468,0.7110925616768689,0.7117571533382245,0.7040204912409093,0.7052541068923384,0.7084244943733617,0.0031669612802705353
317.8200274944305,14.498440685726312,1.1544838905334474,0.0981618051761592,balanced,10,,10,400,"{'model__class_weight': 'balanced', 'model__max_depth': 10, 'model__max_features': None, 'model__min_samples_leaf': 10, 'model__n_estimators': 400}",0.6858600583090378,0.6886160714285714,0.6920669979753359,0.6929856775615131,0.6954762780433983,0.6910010166635713,0.003382915193486749,52,0.7106524143015113,0.7111523301646185,0.7112009556188551,0.7042524005486969,0.7051456575006806,0.7084807516268724,0.0031065983353060433
33.399020195007324,2.6027439737693157,0.9619461536407471,0.10509430303303331,balanced,20,sqrt,1,200,"{'model__class_weight': 'balanced', 'model__max_depth': 20, 'model__max_features': 'sqrt', 'model__min_samples_leaf': 1, 'model__n_estimators': 200}",0.709744442135882,0.7188566552901023,0.7094196804037006,0.7301522007404361,0.7204732727656877,0.7177292502671617,0.007693328437401963,18,0.88010940586537,0.882029899318621,0.8801378541381583,0.8746800501882058,0.8830944393615939,0.8800103297743898,0.002899253424311803
65.0576379776001,4.2401928300155785,1.7637430667877196,0.19346937991139262,balanced,20,sqrt,1,400,"{'model__class_weight': 'balanced', 'model__max_depth': 20, 'model__max_features': 'sqrt', 'model__min_samples_leaf': 1, 'model__n_estimators': 400}",0.7124373956594324,0.7198294243070362,0.7142557211841276,0.7347359735973598,0.7195789473684211,0.7201674924232755,0.007840978946724088,8,0.8826957182670383,0.8824694115855206,0.8805871931156669,0.8742538997843207,0.8801376796922454,0.8800287804889584,0.003057520829449817
29.04911026954651,0.7854363142988585,0.7789034366607666,0.02280390809392407,balanced,20,sqrt,5,200,"{'model__class_weight': 'balanced', 'model__max_depth': 20, 'model__max_features': 'sqrt', 'model__min_samples_leaf': 5, 'model__n_estimators': 200}",0.71211223078443,0.7218556288742252,0.7134316460741331,0.724212174593854,0.7231166766050487,0.7189456713863382,0.005112760091262653,15,0.7924602782986282,0.7934857934857935,0.7901708770374748,0.7872506843957763,0.790702245810605,0.7908139758056556,0.002143456409793059
59.35242853164673,3.7401370433027603,1.465487003326416,0.09100693663292102,balanced,20,sqrt,5,400,"{'model__class_weight': 'balanced', 'model__max_depth': 20, 'model__max_features': 'sqrt', 'model__min_samples_leaf': 5, 'model__n_estimators': 400}",0.712166172106825,0.7202713487629688,0.7159408709548541,0.726808176100629,0.7234126984126984,0.719719853267595,0.0052062343307043395,11,0.7933484654100463,0.7928479699693767,0.792685331230284,0.7881248165900421,0.7914065188535471,0.7916826204106593,0.0018906458282616668
28.61684603691101,1.2044022357272048,0.8219730377197265,0.11658553747735559,balanced,20,sqrt,10,200,"{'model__class_weight': 'balanced', 'model__max_depth': 20, 'model__max_features': 'sqrt', 'model__min_samples_leaf': 10, 'model__n_estimators': 200}",0.7057688597337449,0.7164586583463338,0.7092528068137824,0.7158785082660515,0.7175097276264591,0.7129737121572743,0.004624135848587391,22,0.7611500362406378,0.760451098580595,0.7581415544941381,0.7560881701799981,0.7571331850275655,0.7585928089045868,0.0019287301373823477
58.309778165817264,4.757645709087183,1.4447731971740723,0.12766516115282267,balanced,20,sqrt,10,400,"{'model__class_weight': 'balanced', 'model__max_depth': 20, 'model__max_features': 'sqrt', 'model__min_samples_leaf': 10, 'model__n_estimators': 400}",0.7063139602239815,0.7149285854040305,0.709013209013209,0.7168721109399075,0.7188778492109877,0.7132011429584233,0.0047677486080737,21,0.7611030478955008,0.7618722574353973,0.7580886252953373,0.7577789570167398,0.7577501571794748,0.75931860896449,0.0017915787317327075
24.752440929412842,2.189412979671921,0.8996895313262939,0.17033007634239541,balanced,20,log2,1,200,"{'model__class_weight': 'balanced', 'model__max_depth': 20, 'model__max_features': 'log2', 'model__min_samples_leaf': 1, 'model__n_estimators': 200}",0.6927104309303262,0.707221187668115,0.6947027901334412,0.7203034537831903,0.7056936647955092,0.7041263054621165,0.009928341970604718,25,0.84968346665358,0.8594053488719557,0.8477673527533527,0.8478324689304237,0.8435181569699336,0.8496413588358491,0.005284219092192115
46.44599995613098,2.7256893367922936,1.7344204902648925,0.16505912788482327,balanced,20,log2,1,400,"{'model__class_weight': 'balanced', 'model__max_depth': 20, 'model__max_features': 'log2', 'model__min_samples_leaf': 1, 'model__n_estimators': 400}",0.6944725652966187,0.7111750205423172,0.6978827361563518,0.7204668947474341,0.7046191247974068,0.7057232683080257,0.009342028886417346,23,0.85501381760758,0.8586049284578696,0.8539126141693409,0.8533845699083653,0.8514909949808089,0.854481385024793,0.0023560997941716104
21.568791961669923,0.6613993218511981,0.7770998001098632,0.026253563015866732,balanced,20,log2,5,200,"{'model__class_weight': 'balanced', 'model__max_depth': 20, 'model__max_features': 'log2', 'model__min_samples_leaf': 5, 'model__n_estimators': 200}",0.6885989790130459,0.7014637904468413,0.6923370186808997,0.7019917324314168,0.7050524308865587,0.6978887902917525,0.006293731301778427,34,0.7498821977193478,0.7540592168099332,0.7500945179584121,0.747705774389383,0.7486903582047288,0.7500864130163609,0.0021652412738160168
42.313557147979736,1.1951851170244256,1.393218183517456,0.04461968485101827,balanced,20,log2,5,400,"{'model__class_weight': 'balanced', 'model__max_depth': 20, 'model__max_features': 'log2', 'model__min_samples_leaf': 5, 'model__n_estimators': 400}",0.6908812846492066,0.7049275362318841,0.693955623565417,0.7047691143073429,0.7085407889697434,0.7006148695447189,0.006895872303999654,30,0.7542976540982049,0.7545563262377422,0.7518804106154501,0.7525230987917555,0.7512333965844402,0.7528981772655186,0.0013157523285843556
22.067127084732057,1.1023614416201055,0.8124954223632812,0.07266021971192264,balanced,20,log2,10,200,"{'model__class_weight': 'balanced', 'model__max_depth': 20, 'model__max_features': 'log2', 'model__min_samples_leaf': 10, 'model__n_estimators': 200}",0.6839069767441861,0.6954208626258788,0.68706589074526,0.6941964285714286,0.7020793950850661,0.6925339107543641,0.006427098271290162,45,0.7256017913789886,0.7277526395173454,0.7236307606107298,0.7221574207997014,0.7276571750775304,0.7253599574768591,0.0022048574855663737
39.95125679969787,2.4985891041003905,1.2977684497833253,0.06806581748623329,balanced,20,log2,10,400,"{'model__class_weight': 'balanced', 'model__max_depth': 20, 'model__max_features': 'log2', 'model__min_samples_leaf': 10, 'model__n_estimators': 400}",0.6834733893557423,0.6958499147242752,0.6894082171127026,0.6963985818249674,0.7034927866362946,0.6937245779307964,0.00679416061834309,42,0.7270767933280232,0.7274952919020715,0.7265661578799513,0.7253385819391724,0.7279834228124705,0.7268920495723379,0.0009064870870987685
190.96566576957701,11.98388618678331,0.8342248916625976,0.10644172671412327,balanced,20,,1,200,"{'model__class_weight': 'balanced', 'model__max_depth': 20, 'model__max_features': None, 'model__min_samples_leaf': 1, 'model__n_estimators': 200}",0.7157176370228193,0.716017316017316,0.7092077087794433,0.7307286166842661,0.7228190803609797,0.7188980717729649,0.007316463013170408,16,0.9034258254534181,0.9026557817505425,0.8959006721050742,0.894167136920946,0.8977933233887145,0.8987885479237392,0.003664630367017121
374.5134305477142,11.039020646354818,1.4757626056671143,0.16518746110624175,balanced,20,,1,400,"{'model__class_weight': 'balanced', 'model__max_depth': 20, 'model__max_features': None, 'model__min_samples_leaf': 1, 'model__n_estimators': 400}",0.7156276686592656,0.7154013015184382,0.7107685720402483,0.7309966216216216,0.7245072836332477,0.7194602894945643,0.007283809812794967,13,0.9032191391515527,0.9019972131908964,0.8965092402464065,0.8935930292157868,0.8981524368277495,0.8986942117264783,0.003534811743025185
180.72722554206848,4.265665196657603,0.7096913814544678,0.02696400674858245,balanced,20,,5,200,"{'model__class_weight': 'balanced', 'model__max_depth': 20, 'model__max_features': None, 'model__min_samples_leaf': 5, 'model__n_estimators': 200}",0.7206987609181393,0.7200331812525923,0.7159934047815334,0.7257966308098234,0.7288907284768212,0.7222825412477819,0.004541765778102306,4,0.8430356598597989,0.841853116558789,0.8360131879279736,0.8338551661448339,0.8381725888324874,0.8385859438647767,0.0034538263759904785
366.05791840553286,24.9355498893337,1.060007429122925,0.12022475734524309,balanced,20,,5,400,"{'model__class_weight': 'balanced', 'model__max_depth': 20, 'model__max_features': None, 'model__min_samples_leaf': 5, 'model__n_estimators': 400}",0.7194478278522127,0.7180232558139535,0.7168562564632885,0.726202557337122,0.7268585628494513,0.7214776920632057,0.004211633122538821,6,0.8429928379133438,0.8419175709409548,0.8374334263251332,0.8349082823790995,0.8390209222019094,0.8392546079520882,0.0029437252812690427
171.72417211532593,1.4123190655157436,0.6901650905609131,0.03189749110466508,balanced,20,,10,200,"{'model__class_weight': 'balanced', 'model__max_depth': 20, 'model__max_features': None, 'model__min_samples_leaf': 10, 'model__n_estimators': 200}",0.7108386075949367,0.716730420777129,0.7165433086617323,0.7225959635931936,0.7246376811594203,0.7182691963572825,0.004895685475347488,17,0.7986066185618313,0.796764206531509,0.7926399841293458,0.7919169852539596,0.7938885857433404,0.7947632760439972,0.002535737662440109
261.74097352027894,28.759640934116234,0.8996791362762451,0.009410075351601493,balanced,20,,10,400,"{'model__class_weight': 'balanced', 'model__max_depth': 20, 'model__max_features': None, 'model__min_samples_leaf': 10, 'model__n_estimators': 400}",0.7112077485669105,0.7194360523665659,0.7163701778932641,0.7245745943806886,0.7258096962381815,0.7194796538891222,0.005368854896059465,12,0.7988832386080367,0.7971636872066313,0.7929135030519577,0.7913254925313881,0.7944634618246763,0.794949876644538,0.002752884687956512
